[
  {
    "model": "businesses.business",
    "pk": 1,
    "fields": {
      "name": "RAPITIENDA EL MANÁ"
    }
  },
  {
    "model": "businesses.business",
    "pk": 2,
    "fields": {
      "name": "MERCATODO"
    }
  },
  {
    "model": "businesses.business",
    "pk": 3,
    "fields": {
      "name": "PRIMAVERA"
    }
  },
  {
    "model": "businesses.business",
    "pk": 4,
    "fields": {
      "name": "PANADERIA"
    }
  },

  {
    "model": "cash_closing.shift",
    "pk": 1,
    "fields": {
      "name": "Turno 1 - Mañana",
      "order": 1,
      "is_active": true
    }
  },
  {
    "model": "cash_closing.shift",
    "pk": 2,
    "fields": {
      "name": "Turno 2 - Tarde",
      "order": 2,
      "is_active": true
    }
  },
  {
    "model": "cash_closing.shift",
    "pk": 3,
    "fields": {
      "name": "Turno 3 - Noche",
      "order": 3,
      "is_active": true
    }
  },

  {
    "model": "cash_closing.bankaccount",
    "pk": 1,
    "fields": {
      "name": "Bancolombia",
      "slug": "bancolombia",
      "initial_balance": "5000000.00",
      "current_balance": "7590000.00",
      "is_active": true,
      "receives_transfers": true,
      "created_at": "2026-05-01T00:00:00Z"
    }
  },
  {
    "model": "cash_closing.bankaccount",
    "pk": 2,
    "fields": {
      "name": "Davivienda",
      "slug": "davivienda",
      "initial_balance": "3000000.00",
      "current_balance": "4060000.00",
      "is_active": true,
      "receives_transfers": true,
      "created_at": "2026-05-01T00:00:00Z"
    }
  },
  {
    "model": "cash_closing.bankaccount",
    "pk": 3,
    "fields": {
      "name": "Nequi",
      "slug": "nequi",
      "initial_balance": "1000000.00",
      "current_balance": "3210000.00",
      "is_active": true,
      "receives_transfers": true,
      "created_at": "2026-05-01T00:00:00Z"
    }
  },

  {
    "model": "cash_closing.cashclosing",
    "pk": 1,
    "fields": {
      "date": "2026-05-26",
      "opening_balance": "0.00",
      "physical_cash": "1850000.00",
      "is_closed": true,
      "notes": "Inicio de semana",
      "created_at": "2026-05-26T23:00:00Z",
      "updated_at": "2026-05-26T23:00:00Z"
    }
  },
  {
    "model": "cash_closing.cashclosing",
    "pk": 2,
    "fields": {
      "date": "2026-05-27",
      "opening_balance": "1850000.00",
      "physical_cash": "4120000.00",
      "is_closed": true,
      "notes": "",
      "created_at": "2026-05-27T23:00:00Z",
      "updated_at": "2026-05-27T23:00:00Z"
    }
  },
  {
    "model": "cash_closing.cashclosing",
    "pk": 3,
    "fields": {
      "date": "2026-05-28",
      "opening_balance": "4120000.00",
      "physical_cash": "6780000.00",
      "is_closed": true,
      "notes": "",
      "created_at": "2026-05-28T23:00:00Z",
      "updated_at": "2026-05-28T23:00:00Z"
    }
  },
  {
    "model": "cash_closing.cashclosing",
    "pk": 4,
    "fields": {
      "date": "2026-05-29",
      "opening_balance": "6780000.00",
      "physical_cash": "9650000.00",
      "is_closed": true,
      "notes": "",
      "created_at": "2026-05-29T23:00:00Z",
      "updated_at": "2026-05-29T23:00:00Z"
    }
  },
  {
    "model": "cash_closing.cashclosing",
    "pk": 5,
    "fields": {
      "date": "2026-05-30",
      "opening_balance": "9650000.00",
      "physical_cash": "12800000.00",
      "is_closed": true,
      "notes": "",
      "created_at": "2026-05-30T23:00:00Z",
      "updated_at": "2026-05-30T23:00:00Z"
    }
  },
  {
    "model": "cash_closing.cashclosing",
    "pk": 6,
    "fields": {
      "date": "2026-05-31",
      "opening_balance": "12800000.00",
      "physical_cash": "16250000.00",
      "is_closed": true,
      "notes": "Cierre de mes",
      "created_at": "2026-05-31T23:00:00Z",
      "updated_at": "2026-05-31T23:00:00Z"
    }
  },

  {
    "model": "cash_closing.cashdenomination",
    "pk": 1,
    "fields": { "closing": 1, "value": 100000, "quantity": 6 }
  },
  {
    "model": "cash_closing.cashdenomination",
    "pk": 2,
    "fields": { "closing": 1, "value": 50000, "quantity": 8 }
  },
  {
    "model": "cash_closing.cashdenomination",
    "pk": 3,
    "fields": { "closing": 1, "value": 20000, "quantity": 12 }
  },
  {
    "model": "cash_closing.cashdenomination",
    "pk": 4,
    "fields": { "closing": 1, "value": 10000, "quantity": 15 }
  },
  {
    "model": "cash_closing.cashdenomination",
    "pk": 5,
    "fields": { "closing": 1, "value": 5000, "quantity": 20 }
  },
  {
    "model": "cash_closing.cashdenomination",
    "pk": 6,
    "fields": { "closing": 1, "value": 2000, "quantity": 15 }
  },
  {
    "model": "cash_closing.cashdenomination",
    "pk": 7,
    "fields": { "closing": 1, "value": 1000, "quantity": 25 }
  },
  {
    "model": "cash_closing.cashdenomination",
    "pk": 8,
    "fields": { "closing": 1, "value": 500, "quantity": 0 }
  },
  {
    "model": "cash_closing.cashdenomination",
    "pk": 9,
    "fields": { "closing": 1, "value": 200, "quantity": 0 }
  },
  {
    "model": "cash_closing.cashdenomination",
    "pk": 10,
    "fields": { "closing": 1, "value": 100, "quantity": 0 }
  },
  {
    "model": "cash_closing.cashdenomination",
    "pk": 11,
    "fields": { "closing": 1, "value": 50, "quantity": 0 }
  },

  {
    "model": "cash_closing.cashdenomination",
    "pk": 12,
    "fields": { "closing": 2, "value": 100000, "quantity": 14 }
  },
  {
    "model": "cash_closing.cashdenomination",
    "pk": 13,
    "fields": { "closing": 2, "value": 50000, "quantity": 18 }
  },
  {
    "model": "cash_closing.cashdenomination",
    "pk": 14,
    "fields": { "closing": 2, "value": 20000, "quantity": 25 }
  },
  {
    "model": "cash_closing.cashdenomination",
    "pk": 15,
    "fields": { "closing": 2, "value": 10000, "quantity": 30 }
  },
  {
    "model": "cash_closing.cashdenomination",
    "pk": 16,
    "fields": { "closing": 2, "value": 5000, "quantity": 35 }
  },
  {
    "model": "cash_closing.cashdenomination",
    "pk": 17,
    "fields": { "closing": 2, "value": 2000, "quantity": 25 }
  },
  {
    "model": "cash_closing.cashdenomination",
    "pk": 18,
    "fields": { "closing": 2, "value": 1000, "quantity": 40 }
  },
  {
    "model": "cash_closing.cashdenomination",
    "pk": 19,
    "fields": { "closing": 2, "value": 500, "quantity": 0 }
  },
  {
    "model": "cash_closing.cashdenomination",
    "pk": 20,
    "fields": { "closing": 2, "value": 200, "quantity": 0 }
  },
  {
    "model": "cash_closing.cashdenomination",
    "pk": 21,
    "fields": { "closing": 2, "value": 100, "quantity": 0 }
  },
  {
    "model": "cash_closing.cashdenomination",
    "pk": 22,
    "fields": { "closing": 2, "value": 50, "quantity": 0 }
  },

  {
    "model": "cash_closing.cashdenomination",
    "pk": 23,
    "fields": { "closing": 3, "value": 100000, "quantity": 24 }
  },
  {
    "model": "cash_closing.cashdenomination",
    "pk": 24,
    "fields": { "closing": 3, "value": 50000, "quantity": 28 }
  },
  {
    "model": "cash_closing.cashdenomination",
    "pk": 25,
    "fields": { "closing": 3, "value": 20000, "quantity": 38 }
  },
  {
    "model": "cash_closing.cashdenomination",
    "pk": 26,
    "fields": { "closing": 3, "value": 10000, "quantity": 45 }
  },
  {
    "model": "cash_closing.cashdenomination",
    "pk": 27,
    "fields": { "closing": 3, "value": 5000, "quantity": 50 }
  },
  {
    "model": "cash_closing.cashdenomination",
    "pk": 28,
    "fields": { "closing": 3, "value": 2000, "quantity": 35 }
  },
  {
    "model": "cash_closing.cashdenomination",
    "pk": 29,
    "fields": { "closing": 3, "value": 1000, "quantity": 55 }
  },
  {
    "model": "cash_closing.cashdenomination",
    "pk": 30,
    "fields": { "closing": 3, "value": 500, "quantity": 0 }
  },
  {
    "model": "cash_closing.cashdenomination",
    "pk": 31,
    "fields": { "closing": 3, "value": 200, "quantity": 0 }
  },
  {
    "model": "cash_closing.cashdenomination",
    "pk": 32,
    "fields": { "closing": 3, "value": 100, "quantity": 0 }
  },
  {
    "model": "cash_closing.cashdenomination",
    "pk": 33,
    "fields": { "closing": 3, "value": 50, "quantity": 0 }
  },

  {
    "model": "cash_closing.cashdenomination",
    "pk": 34,
    "fields": { "closing": 4, "value": 100000, "quantity": 34 }
  },
  {
    "model": "cash_closing.cashdenomination",
    "pk": 35,
    "fields": { "closing": 4, "value": 50000, "quantity": 40 }
  },
  {
    "model": "cash_closing.cashdenomination",
    "pk": 36,
    "fields": { "closing": 4, "value": 20000, "quantity": 52 }
  },
  {
    "model": "cash_closing.cashdenomination",
    "pk": 37,
    "fields": { "closing": 4, "value": 10000, "quantity": 62 }
  },
  {
    "model": "cash_closing.cashdenomination",
    "pk": 38,
    "fields": { "closing": 4, "value": 5000, "quantity": 68 }
  },
  {
    "model": "cash_closing.cashdenomination",
    "pk": 39,
    "fields": { "closing": 4, "value": 2000, "quantity": 48 }
  },
  {
    "model": "cash_closing.cashdenomination",
    "pk": 40,
    "fields": { "closing": 4, "value": 1000, "quantity": 70 }
  },
  {
    "model": "cash_closing.cashdenomination",
    "pk": 41,
    "fields": { "closing": 4, "value": 500, "quantity": 0 }
  },
  {
    "model": "cash_closing.cashdenomination",
    "pk": 42,
    "fields": { "closing": 4, "value": 200, "quantity": 0 }
  },
  {
    "model": "cash_closing.cashdenomination",
    "pk": 43,
    "fields": { "closing": 4, "value": 100, "quantity": 0 }
  },
  {
    "model": "cash_closing.cashdenomination",
    "pk": 44,
    "fields": { "closing": 4, "value": 50, "quantity": 0 }
  },

  {
    "model": "cash_closing.cashdenomination",
    "pk": 45,
    "fields": { "closing": 5, "value": 100000, "quantity": 45 }
  },
  {
    "model": "cash_closing.cashdenomination",
    "pk": 46,
    "fields": { "closing": 5, "value": 50000, "quantity": 52 }
  },
  {
    "model": "cash_closing.cashdenomination",
    "pk": 47,
    "fields": { "closing": 5, "value": 20000, "quantity": 68 }
  },
  {
    "model": "cash_closing.cashdenomination",
    "pk": 48,
    "fields": { "closing": 5, "value": 10000, "quantity": 80 }
  },
  {
    "model": "cash_closing.cashdenomination",
    "pk": 49,
    "fields": { "closing": 5, "value": 5000, "quantity": 88 }
  },
  {
    "model": "cash_closing.cashdenomination",
    "pk": 50,
    "fields": { "closing": 5, "value": 2000, "quantity": 62 }
  },
  {
    "model": "cash_closing.cashdenomination",
    "pk": 51,
    "fields": { "closing": 5, "value": 1000, "quantity": 90 }
  },
  {
    "model": "cash_closing.cashdenomination",
    "pk": 52,
    "fields": { "closing": 5, "value": 500, "quantity": 0 }
  },
  {
    "model": "cash_closing.cashdenomination",
    "pk": 53,
    "fields": { "closing": 5, "value": 200, "quantity": 0 }
  },
  {
    "model": "cash_closing.cashdenomination",
    "pk": 54,
    "fields": { "closing": 5, "value": 100, "quantity": 0 }
  },
  {
    "model": "cash_closing.cashdenomination",
    "pk": 55,
    "fields": { "closing": 5, "value": 50, "quantity": 0 }
  },

  {
    "model": "cash_closing.cashdenomination",
    "pk": 56,
    "fields": { "closing": 6, "value": 100000, "quantity": 57 }
  },
  {
    "model": "cash_closing.cashdenomination",
    "pk": 57,
    "fields": { "closing": 6, "value": 50000, "quantity": 66 }
  },
  {
    "model": "cash_closing.cashdenomination",
    "pk": 58,
    "fields": { "closing": 6, "value": 20000, "quantity": 85 }
  },
  {
    "model": "cash_closing.cashdenomination",
    "pk": 59,
    "fields": { "closing": 6, "value": 10000, "quantity": 100 }
  },
  {
    "model": "cash_closing.cashdenomination",
    "pk": 60,
    "fields": { "closing": 6, "value": 5000, "quantity": 110 }
  },
  {
    "model": "cash_closing.cashdenomination",
    "pk": 61,
    "fields": { "closing": 6, "value": 2000, "quantity": 78 }
  },
  {
    "model": "cash_closing.cashdenomination",
    "pk": 62,
    "fields": { "closing": 6, "value": 1000, "quantity": 115 }
  },
  {
    "model": "cash_closing.cashdenomination",
    "pk": 63,
    "fields": { "closing": 6, "value": 500, "quantity": 0 }
  },
  {
    "model": "cash_closing.cashdenomination",
    "pk": 64,
    "fields": { "closing": 6, "value": 200, "quantity": 0 }
  },
  {
    "model": "cash_closing.cashdenomination",
    "pk": 65,
    "fields": { "closing": 6, "value": 100, "quantity": 0 }
  },
  {
    "model": "cash_closing.cashdenomination",
    "pk": 66,
    "fields": { "closing": 6, "value": 50, "quantity": 0 }
  },

  {
    "model": "cash_closing.income",
    "pk": 1,
    "fields": {
      "business": 1,
      "amount": "680000.00",
      "payment_method": "cash",
      "bank": null,
      "shift": 1,
      "person_name": "Laura",
      "date": "2026-05-26",
      "created_at": "2026-05-26T11:00:00Z"
    }
  },
  {
    "model": "cash_closing.income",
    "pk": 2,
    "fields": {
      "business": 2,
      "amount": "580000.00",
      "payment_method": "cash",
      "bank": null,
      "shift": 1,
      "person_name": "Carlos",
      "date": "2026-05-26",
      "created_at": "2026-05-26T12:00:00Z"
    }
  },
  {
    "model": "cash_closing.income",
    "pk": 3,
    "fields": {
      "business": 3,
      "amount": "440000.00",
      "payment_method": "cash",
      "bank": null,
      "shift": 2,
      "person_name": "Andrea",
      "date": "2026-05-26",
      "created_at": "2026-05-26T18:00:00Z"
    }
  },
  {
    "model": "cash_closing.income",
    "pk": 4,
    "fields": {
      "business": 1,
      "amount": "280000.00",
      "payment_method": "deposit",
      "bank": 1,
      "shift": 2,
      "person_name": "Laura",
      "date": "2026-05-26",
      "created_at": "2026-05-26T19:00:00Z"
    }
  },

  {
    "model": "cash_closing.income",
    "pk": 5,
    "fields": {
      "business": 1,
      "amount": "1080000.00",
      "payment_method": "cash",
      "bank": null,
      "shift": 1,
      "person_name": "Laura",
      "date": "2026-05-27",
      "created_at": "2026-05-27T11:00:00Z"
    }
  },
  {
    "model": "cash_closing.income",
    "pk": 6,
    "fields": {
      "business": 2,
      "amount": "780000.00",
      "payment_method": "cash",
      "bank": null,
      "shift": 1,
      "person_name": "Carlos",
      "date": "2026-05-27",
      "created_at": "2026-05-27T12:00:00Z"
    }
  },
  {
    "model": "cash_closing.income",
    "pk": 7,
    "fields": {
      "business": 3,
      "amount": "710000.00",
      "payment_method": "cash",
      "bank": null,
      "shift": 2,
      "person_name": "Andrea",
      "date": "2026-05-27",
      "created_at": "2026-05-27T18:00:00Z"
    }
  },

  {
    "model": "cash_closing.income",
    "pk": 8,
    "fields": {
      "business": 1,
      "amount": "1140000.00",
      "payment_method": "cash",
      "bank": null,
      "shift": 1,
      "person_name": "Laura",
      "date": "2026-05-28",
      "created_at": "2026-05-28T11:00:00Z"
    }
  },
  {
    "model": "cash_closing.income",
    "pk": 9,
    "fields": {
      "business": 2,
      "amount": "840000.00",
      "payment_method": "cash",
      "bank": null,
      "shift": 1,
      "person_name": "Carlos",
      "date": "2026-05-28",
      "created_at": "2026-05-28T12:00:00Z"
    }
  },
  {
    "model": "cash_closing.income",
    "pk": 10,
    "fields": {
      "business": 3,
      "amount": "770000.00",
      "payment_method": "cash",
      "bank": null,
      "shift": 2,
      "person_name": "Andrea",
      "date": "2026-05-28",
      "created_at": "2026-05-28T18:00:00Z"
    }
  },
  {
    "model": "cash_closing.income",
    "pk": 11,
    "fields": {
      "business": 2,
      "amount": "360000.00",
      "payment_method": "deposit",
      "bank": 2,
      "shift": 1,
      "person_name": "Carlos",
      "date": "2026-05-28",
      "created_at": "2026-05-28T20:00:00Z"
    }
  },

  {
    "model": "cash_closing.income",
    "pk": 12,
    "fields": {
      "business": 1,
      "amount": "1240000.00",
      "payment_method": "cash",
      "bank": null,
      "shift": 1,
      "person_name": "Laura",
      "date": "2026-05-29",
      "created_at": "2026-05-29T11:00:00Z"
    }
  },
  {
    "model": "cash_closing.income",
    "pk": 13,
    "fields": {
      "business": 2,
      "amount": "920000.00",
      "payment_method": "cash",
      "bank": null,
      "shift": 1,
      "person_name": "Carlos",
      "date": "2026-05-29",
      "created_at": "2026-05-29T12:00:00Z"
    }
  },
  {
    "model": "cash_closing.income",
    "pk": 14,
    "fields": {
      "business": 3,
      "amount": "810000.00",
      "payment_method": "cash",
      "bank": null,
      "shift": 2,
      "person_name": "Andrea",
      "date": "2026-05-29",
      "created_at": "2026-05-29T18:00:00Z"
    }
  },

  {
    "model": "cash_closing.income",
    "pk": 15,
    "fields": {
      "business": 1,
      "amount": "1290000.00",
      "payment_method": "cash",
      "bank": null,
      "shift": 1,
      "person_name": "Laura",
      "date": "2026-05-30",
      "created_at": "2026-05-30T11:00:00Z"
    }
  },
  {
    "model": "cash_closing.income",
    "pk": 16,
    "fields": {
      "business": 2,
      "amount": "990000.00",
      "payment_method": "cash",
      "bank": null,
      "shift": 1,
      "person_name": "Carlos",
      "date": "2026-05-30",
      "created_at": "2026-05-30T12:00:00Z"
    }
  },
  {
    "model": "cash_closing.income",
    "pk": 17,
    "fields": {
      "business": 3,
      "amount": "860000.00",
      "payment_method": "cash",
      "bank": null,
      "shift": 2,
      "person_name": "Andrea",
      "date": "2026-05-30",
      "created_at": "2026-05-30T18:00:00Z"
    }
  },
  {
    "model": "cash_closing.income",
    "pk": 18,
    "fields": {
      "business": 1,
      "amount": "520000.00",
      "payment_method": "deposit",
      "bank": 1,
      "shift": 2,
      "person_name": "Laura",
      "date": "2026-05-30",
      "created_at": "2026-05-30T19:00:00Z"
    }
  },

  {
    "model": "cash_closing.income",
    "pk": 19,
    "fields": {
      "business": 1,
      "amount": "1340000.00",
      "payment_method": "cash",
      "bank": null,
      "shift": 1,
      "person_name": "Laura",
      "date": "2026-05-31",
      "created_at": "2026-05-31T11:00:00Z"
    }
  },
  {
    "model": "cash_closing.income",
    "pk": 20,
    "fields": {
      "business": 2,
      "amount": "1050000.00",
      "payment_method": "cash",
      "bank": null,
      "shift": 1,
      "person_name": "Carlos",
      "date": "2026-05-31",
      "created_at": "2026-05-31T12:00:00Z"
    }
  },
  {
    "model": "cash_closing.income",
    "pk": 21,
    "fields": {
      "business": 3,
      "amount": "900000.00",
      "payment_method": "cash",
      "bank": null,
      "shift": 2,
      "person_name": "Andrea",
      "date": "2026-05-31",
      "created_at": "2026-05-31T18:00:00Z"
    }
  },
  {
    "model": "cash_closing.income",
    "pk": 22,
    "fields": {
      "business": 3,
      "amount": "480000.00",
      "payment_method": "deposit",
      "bank": 3,
      "shift": 2,
      "person_name": "Andrea",
      "date": "2026-05-31",
      "created_at": "2026-05-31T19:00:00Z"
    }
  },

  {
    "model": "cash_closing.expense",
    "pk": 1,
    "fields": {
      "business": 1,
      "payment_method": "cash",
      "supplier": "Papelería Central",
      "invoice_number": "FAC-001",
      "amount": "280000.00",
      "date": "2026-05-26",
      "bank": null,
      "expense_type": "purchase",
      "employee_name": null,
      "description": "Compra de insumos",
      "created_at": "2026-05-26T10:00:00Z"
    }
  },
  {
    "model": "cash_closing.expense",
    "pk": 2,
    "fields": {
      "business": 2,
      "payment_method": "cash",
      "supplier": null,
      "invoice_number": null,
      "amount": "580000.00",
      "date": "2026-05-27",
      "bank": null,
      "expense_type": "staff_payment",
      "employee_name": "María Rodríguez",
      "description": "Pago semanal",
      "created_at": "2026-05-27T16:00:00Z"
    }
  },
  {
    "model": "cash_closing.expense",
    "pk": 3,
    "fields": {
      "business": 3,
      "payment_method": "cash",
      "supplier": "Mercado Local",
      "invoice_number": "FAC-045",
      "amount": "220000.00",
      "date": "2026-05-28",
      "bank": null,
      "expense_type": "purchase",
      "employee_name": null,
      "description": "Insumos cocina",
      "created_at": "2026-05-28T09:00:00Z"
    }
  },
  {
    "model": "cash_closing.expense",
    "pk": 4,
    "fields": {
      "business": 1,
      "payment_method": "cash",
      "supplier": null,
      "invoice_number": null,
      "amount": "280000.00",
      "date": "2026-05-28",
      "bank": null,
      "expense_type": "general_expense",
      "employee_name": null,
      "description": "Mantenimiento",
      "created_at": "2026-05-28T14:00:00Z"
    }
  },
  {
    "model": "cash_closing.expense",
    "pk": 5,
    "fields": {
      "business": 2,
      "payment_method": "cash",
      "supplier": "Proveedor A",
      "invoice_number": "INV-789",
      "amount": "330000.00",
      "date": "2026-05-29",
      "bank": null,
      "expense_type": "purchase",
      "employee_name": null,
      "description": "Compra mercancía",
      "created_at": "2026-05-29T10:00:00Z"
    }
  },
  {
    "model": "cash_closing.expense",
    "pk": 6,
    "fields": {
      "business": 1,
      "payment_method": "cash",
      "supplier": null,
      "invoice_number": null,
      "amount": "710000.00",
      "date": "2026-05-30",
      "bank": null,
      "expense_type": "staff_payment",
      "employee_name": "Pedro Martínez",
      "description": "Pago semanal",
      "created_at": "2026-05-30T15:00:00Z"
    }
  },
  {
    "model": "cash_closing.expense",
    "pk": 7,
    "fields": {
      "business": 3,
      "payment_method": "cash",
      "supplier": null,
      "invoice_number": null,
      "amount": "170000.00",
      "date": "2026-05-30",
      "bank": null,
      "expense_type": "general_expense",
      "employee_name": null,
      "description": "Fletes",
      "created_at": "2026-05-30T17:00:00Z"
    }
  },
  {
    "model": "cash_closing.expense",
    "pk": 8,
    "fields": {
      "business": 1,
      "payment_method": "cash",
      "supplier": "Proveedor B",
      "invoice_number": "FAC-102",
      "amount": "420000.00",
      "date": "2026-05-31",
      "bank": null,
      "expense_type": "purchase",
      "employee_name": null,
      "description": "Insumos",
      "created_at": "2026-05-31T09:00:00Z"
    }
  },
  {
    "model": "cash_closing.expense",
    "pk": 9,
    "fields": {
      "business": 2,
      "payment_method": "cash",
      "supplier": null,
      "invoice_number": null,
      "amount": "540000.00",
      "date": "2026-05-31",
      "bank": null,
      "expense_type": "staff_payment",
      "employee_name": "Luisa Fernández",
      "description": "Pago semanal",
      "created_at": "2026-05-31T14:00:00Z"
    }
  },
  {
    "model": "cash_closing.expense",
    "pk": 10,
    "fields": {
      "business": 1,
      "payment_method": "cash",
      "supplier": null,
      "invoice_number": null,
      "amount": "150000.00",
      "date": "2026-05-31",
      "bank": null,
      "expense_type": "general_expense",
      "employee_name": null,
      "description": "Transporte",
      "created_at": "2026-05-31T16:00:00Z"
    }
  }
]